case,length,csv,f_max,n_raw,df_med,combo,df_hz,stop_hz,available,dmax,dd,N,detectable,alias_margin,peak_m,peak_error,peak_abs,bg90,bgmed,score90,tol,folded_m
大芬-3100m,3100.0,/mnt/data/cable_field_data/大芬-3100m/大芬F18正测1-A相[末端开路].csv,1000000000.0,49999,697.0,10k/50.0M,10000.0,49999000.0,True,10037.79393259672,1.0038797812377958,9999.0,True,3.2379980427731354,2936.348360120552,-163.65163987944788,18375.163514567055,44461.23101321652,14088.171847908088,0.41328508221252047,350.0,
大芬-3100m,3100.0,/mnt/data/cable_field_data/大芬-3100m/大芬F18正测1-A相[末端开路].csv,1000000000.0,49999,697.0,15k/75.0M,15000.0,74994000.0,True,6691.862621731146,0.6692531874918638,9999.0,True,2.158665361848757,3421.8915476458997,321.89154764589966,32218.426598986473,57522.64959242695,20991.58176868258,0.560099835930161,350.0,
大芬-3100m,3100.0,/mnt/data/cable_field_data/大芬-3100m/大芬F18正测1-A相[末端开路].csv,1000000000.0,49999,697.0,20k/100.0M,20000.0,99989000.0,True,5018.89696629836,0.5019398906188979,9999.0,True,1.6189990213865677,3430.759152380166,330.75915238016614,20591.41968793993,59033.27035026274,18553.54550586883,0.3488104176808203,350.0,
大芬-3100m,3100.0,/mnt/data/cable_field_data/大芬-3100m/大芬F18正测1-A相[末端开路].csv,1000000000.0,49999,697.0,25k/125.0M,25000.0,124984000.0,True,4015.1175730386876,0.4015519124951183,9999.0,True,1.2951992171092541,3434.473507570747,334.4735075707472,56726.17321644061,98343.70884487989,25742.77403003871,0.5768154758726488,350.0,
大芬-3100m,3100.0,/mnt/data/cable_field_data/大芬-3100m/大芬F18正测1-A相[末端开路].csv,1000000000.0,49999,697.0,30k/150.0M,30000.0,149979000.0,True,3345.931310865573,0.3346265937459319,9999.0,True,1.0793326809243784,3278.671365522641,178.67136552264083,198334.33112421495,63712.272406884396,17155.285630950177,3.1129690345620764,350.0,
大芬-3100m,3100.0,/mnt/data/cable_field_data/大芬-3100m/大芬F18正测1-A相[末端开路].csv,1000000000.0,49999,697.0,40k/200.0M,40000.0,199969000.0,True,2509.44848314918,0.25096994530944894,9999.0,False,0.8094995106932839,,,,,,,,590.55151685082
大芬-3100m,3100.0,/mnt/data/cable_field_data/大芬-3100m/大芬F18正测1-A相[末端开路].csv,1000000000.0,49999,697.0,200k/1000M,200000.0,1000000000.0,True,501.88969662983595,0.05018395126785681,10001.0,False,0.16189990213865676,,,,,,,,88.66182022098428
威海-543m,543.0,/mnt/data/cable_field_data/威海-543m/威海供电公司电缆-A相.csv,1000000000.0,49999,697.0,10k/50.0M,10000.0,49999000.0,True,10037.79393259672,1.0038797812377958,9999.0,True,18.48580834732361,639.4714206484758,96.47142064847583,787951.1560733864,36975.129804143806,2357.6894226711897,21.31030128216293,97.74,
威海-543m,543.0,/mnt/data/cable_field_data/威海-543m/威海供电公司电缆-A相.csv,1000000000.0,49999,697.0,15k/75.0M,15000.0,74994000.0,True,6691.862621731146,0.6692531874918638,9999.0,True,12.323872231549071,639.8060472422218,96.80604724222178,959346.2260537458,71945.62763621217,13953.447340549328,13.334322843142187,97.74,
威海-543m,543.0,/mnt/data/cable_field_data/威海-543m/威海供电公司电缆-A相.csv,1000000000.0,49999,697.0,20k/100.0M,20000.0,99989000.0,True,5018.89696629836,0.5019398906188979,9999.0,True,9.242904173661804,639.4714206484758,96.47142064847583,1153481.1306747692,90807.52038273911,20249.985065039502,12.702484615955061,97.74,
威海-543m,543.0,/mnt/data/cable_field_data/威海-543m/威海供电公司电缆-A相.csv,1000000000.0,49999,697.0,25k/125.0M,25000.0,124984000.0,True,4015.1175730386876,0.4015519124951183,9999.0,True,7.394323338929443,639.6721966047235,96.67219660472347,1132102.21467833,87844.61326869861,23046.050029970273,12.88755419999929,97.74,
威海-543m,543.0,/mnt/data/cable_field_data/威海-543m/威海供电公司电缆-A相.csv,1000000000.0,49999,697.0,30k/150.0M,30000.0,149979000.0,True,3345.931310865573,0.3346265937459319,9999.0,True,6.161936115774536,639.4714206484759,96.47142064847594,1160434.5788055635,101604.01349373067,28783.91039360105,11.421149016688858,97.74,
威海-543m,543.0,/mnt/data/cable_field_data/威海-543m/威海供电公司电缆-A相.csv,1000000000.0,49999,697.0,40k/200.0M,40000.0,199969000.0,True,2509.44848314918,0.25096994530944894,9999.0,True,4.621452086830902,639.4714206484758,96.47142064847583,1150446.2020710956,112578.33216773595,35123.1800183336,10.219073066005185,97.74,
威海-543m,543.0,/mnt/data/cable_field_data/威海-543m/威海供电公司电缆-A相.csv,1000000000.0,49999,697.0,200k/1000M,200000.0,1000000000.0,True,501.88969662983595,0.05018395126785681,10001.0,False,0.9242904173661803,,,,,,,,41.11030337016405
常州-5100m,5100.0,/mnt/data/cable_field_data/常州-5100m/常州220kV输电电缆96线-0517-A相.csv,200000000.0,49999,269.0,10k/50.0M,10000.0,49999000.0,True,10037.79393259672,1.0038797812377958,9999.0,True,1.968194888744455,5301.489124716799,201.48912471679887,63323.6529726837,110429.13291387052,25413.892969364802,0.5734324928737161,350.0,
常州-5100m,5100.0,/mnt/data/cable_field_data/常州-5100m/常州220kV输电电缆96线-0517-A相.csv,200000000.0,49999,269.0,15k/75.0M,15000.0,74994000.0,True,6691.862621731146,0.6692531874918638,9999.0,True,1.3121299258296364,5244.267977186245,144.26797718624493,88940.60692309804,82250.66939085914,14630.815762663122,1.0813359645797895,350.0,
常州-5100m,5100.0,/mnt/data/cable_field_data/常州-5100m/常州220kV输电电缆96线-0517-A相.csv,200000000.0,49999,269.0,20k/100.0M,20000.0,99989000.0,True,5018.89696629836,0.5019398906188979,9999.0,False,0.9840974443722275,,,,,,,,81.10303370164002
常州-5100m,5100.0,/mnt/data/cable_field_data/常州-5100m/常州220kV输电电缆96线-0517-A相.csv,200000000.0,49999,269.0,25k/125.0M,25000.0,124984000.0,True,4015.1175730386876,0.4015519124951183,9999.0,False,0.7872779554977819,,,,,,,,1084.8824269613124
常州-5100m,5100.0,/mnt/data/cable_field_data/常州-5100m/常州220kV输电电缆96线-0517-A相.csv,200000000.0,49999,269.0,30k/150.0M,30000.0,149979000.0,True,3345.931310865573,0.3346265937459319,9999.0,False,0.6560649629148182,,,,,,,,1754.0686891344271
常州-5100m,5100.0,/mnt/data/cable_field_data/常州-5100m/常州220kV输电电缆96线-0517-A相.csv,200000000.0,49999,269.0,40k/200.0M,40000.0,199969000.0,True,2509.44848314918,0.25096994530944894,9999.0,False,0.49204872218611373,,,,,,,,81.10303370164002
常州-5100m,5100.0,/mnt/data/cable_field_data/常州-5100m/常州220kV输电电缆96线-0517-A相.csv,200000000.0,49999,269.0,200k/1000M,200000.0,1000000000.0,False,,,,,,,,,,,,,
无锡-1000m,1000.0,/mnt/data/cable_field_data/无锡-1000m/藕光.db8-A相.csv,200000000.0,49999,3999.900000002235,10k/50.0M,10000.0,49999000.0,True,10037.79393259672,1.0038797812377958,9999.0,True,10.03779393259672,931.6004369886745,-68.39956301132554,37856.27653236657,32548.89129783105,7127.279983313736,1.1630588638479735,180.0,
无锡-1000m,1000.0,/mnt/data/cable_field_data/无锡-1000m/藕光.db8-A相.csv,200000000.0,49999,3999.900000002235,15k/75.0M,15000.0,74994000.0,True,6691.862621731146,0.6692531874918638,9999.0,True,6.691862621731146,1001.2027684878284,1.2027684878283935,51468.504854542494,63685.67183823405,14702.269733552745,0.8081645897569552,180.0,
无锡-1000m,1000.0,/mnt/data/cable_field_data/无锡-1000m/藕光.db8-A相.csv,200000000.0,49999,3999.900000002235,20k/100.0M,20000.0,99989000.0,True,5018.89696629836,0.5019398906188979,9999.0,True,5.01889696629836,837.7376774429405,-162.26232255705952,52019.94632838372,67865.43747396722,18103.257032625057,0.7665160391596718,180.0,
无锡-1000m,1000.0,/mnt/data/cable_field_data/无锡-1000m/藕光.db8-A相.csv,200000000.0,49999,3999.900000002235,25k/125.0M,25000.0,124984000.0,True,4015.1175730386876,0.4015519124951183,9999.0,True,4.015117573038688,1072.143606361966,72.14360636196602,64826.76678422345,79160.32147334123,24323.600125632875,0.818930059626591,180.0,
无锡-1000m,1000.0,/mnt/data/cable_field_data/无锡-1000m/藕光.db8-A相.csv,200000000.0,49999,3999.900000002235,30k/150.0M,30000.0,149979000.0,True,3345.931310865573,0.3346265937459319,9999.0,True,3.345931310865573,931.6004369886745,-68.39956301132554,56123.884366618906,65898.08948043543,24125.992123374643,0.8516769576951332,180.0,
无锡-1000m,1000.0,/mnt/data/cable_field_data/无锡-1000m/藕光.db8-A相.csv,200000000.0,49999,3999.900000002235,40k/200.0M,40000.0,199969000.0,True,2509.44848314918,0.25096994530944894,9999.0,True,2.50944848314918,1062.6067484402067,62.60674844020673,85575.08818031278,61554.05779845425,21685.101022375835,1.3902428408620975,180.0,
无锡-1000m,1000.0,/mnt/data/cable_field_data/无锡-1000m/藕光.db8-A相.csv,200000000.0,49999,3999.900000002235,200k/1000M,200000.0,1000000000.0,False,,,,,,,,,,,,,
某地-2000m,2000.0,/mnt/data/cable_field_data/某地-2000m/2025-11-24 11.22.36-A相[末端开路].csv,1000000000.0,49999,697.0,10k/50.0M,10000.0,49999000.0,True,10037.79393259672,1.0038797812377958,9999.0,True,5.01889696629836,2327.997212690448,327.9972126904481,480108.94952706975,35168.89111692254,11233.475625816807,13.65152366990756,350.0,
某地-2000m,2000.0,/mnt/data/cable_field_data/某地-2000m/2025-11-24 11.22.36-A相[末端开路].csv,1000000000.0,49999,697.0,15k/75.0M,15000.0,74994000.0,True,6691.862621731146,0.6692531874918638,9999.0,True,3.345931310865573,2327.6625860967024,327.6625860967024,489874.58231128665,53496.24303871188,18011.715164962196,9.157177298540294,350.0,
某地-2000m,2000.0,/mnt/data/cable_field_data/某地-2000m/2025-11-24 11.22.36-A相[末端开路].csv,1000000000.0,49999,697.0,20k/100.0M,20000.0,99989000.0,True,5018.89696629836,0.5019398906188979,9999.0,True,2.50944848314918,2326.99333290921,326.99333290921004,418742.8370416426,73799.53202140711,28164.17079031147,5.674058162322457,350.0,
某地-2000m,2000.0,/mnt/data/cable_field_data/某地-2000m/2025-11-24 11.22.36-A相[末端开路].csv,1000000000.0,49999,697.0,25k/125.0M,25000.0,124984000.0,True,4015.1175730386876,0.4015519124951183,9999.0,True,2.007558786519344,2328.599540559191,328.59954055919115,467612.6199809915,61744.51979443392,22660.462526799154,7.573346129143357,350.0,
某地-2000m,2000.0,/mnt/data/cable_field_data/某地-2000m/2025-11-24 11.22.36-A相[末端开路].csv,1000000000.0,49999,697.0,30k/150.0M,30000.0,149979000.0,True,3345.931310865573,0.3346265937459319,9999.0,True,1.6729656554327865,2325.320199940481,325.32019994048096,418340.1783191873,96472.71263621318,43434.640173646825,4.336357576019418,350.0,
某地-2000m,2000.0,/mnt/data/cable_field_data/某地-2000m/2025-11-24 11.22.36-A相[末端开路].csv,1000000000.0,49999,697.0,40k/200.0M,40000.0,199969000.0,True,2509.44848314918,0.25096994530944894,9999.0,True,1.25472424157459,2324.4836334561155,324.4836334561155,601902.0215549314,126846.19821366825,44477.5732932919,4.745132530823251,350.0,
某地-2000m,2000.0,/mnt/data/cable_field_data/某地-2000m/2025-11-24 11.22.36-A相[末端开路].csv,1000000000.0,49999,697.0,200k/1000M,200000.0,1000000000.0,True,501.88969662983595,0.05018395126785681,10001.0,False,0.250944848314918,,,,,,,,494.33091011049214
某地-2400m,2400.0,/mnt/data/cable_field_data/某地-2400m/2025-10-27 10.32.26-A相[末端开路].csv,1000000000.0,49999,697.0,10k/50.0M,10000.0,49999000.0,True,10037.79393259672,1.0038797812377958,9999.0,True,4.182414138581967,2122.2018575367,-277.7981424632999,24368.10438368492,44848.54093560211,13575.972404331236,0.5433421885156757,350.0,
某地-2400m,2400.0,/mnt/data/cable_field_data/某地-2400m/2025-10-27 10.32.26-A相[末端开路].csv,1000000000.0,49999,697.0,15k/75.0M,15000.0,74994000.0,True,6691.862621731146,0.6692531874918638,9999.0,True,2.7882760923879775,2130.2328957866025,-269.7671042133975,36046.63626655086,57702.38660980994,24342.119860004892,0.6246992262261575,350.0,
某地-2400m,2400.0,/mnt/data/cable_field_data/某地-2400m/2025-10-27 10.32.26-A相[末端开路].csv,1000000000.0,49999,697.0,20k/100.0M,20000.0,99989000.0,True,5018.89696629836,0.5019398906188979,9999.0,True,2.0912070692909834,2121.699917646081,-278.30008235391915,22254.578007240085,72150.03276510247,32271.409435980444,0.30844861955494746,350.0,
某地-2400m,2400.0,/mnt/data/cable_field_data/某地-2400m/2025-10-27 10.32.26-A相[末端开路].csv,1000000000.0,49999,697.0,25k/125.0M,25000.0,124984000.0,True,4015.1175730386876,0.4015519124951183,9999.0,True,1.6729656554327865,2678.3512563424392,278.3512563424392,14428.665261813669,53299.403482604364,11600.586215581141,0.27070969502543935,350.0,
某地-2400m,2400.0,/mnt/data/cable_field_data/某地-2400m/2025-10-27 10.32.26-A相[末端开路].csv,1000000000.0,49999,697.0,30k/150.0M,30000.0,149979000.0,True,3345.931310865573,0.3346265937459319,9999.0,True,1.3941380461939887,2744.6073219041336,344.60732190413364,58150.50664434744,127776.25526673089,30403.611304876264,0.45509634417567796,350.0,
某地-2400m,2400.0,/mnt/data/cable_field_data/某地-2400m/2025-10-27 10.32.26-A相[末端开路].csv,1000000000.0,49999,697.0,40k/200.0M,40000.0,199969000.0,True,2509.44848314918,0.25096994530944894,9999.0,False,1.0456035346454917,2459.25449408729,59.25449408728991,491209.43064184923,133306.60881234283,40411.78182697862,3.6848092905381016,350.0,
某地-2400m,2400.0,/mnt/data/cable_field_data/某地-2400m/2025-10-27 10.32.26-A相[末端开路].csv,1000000000.0,49999,697.0,200k/1000M,200000.0,1000000000.0,True,501.88969662983595,0.05018395126785681,10001.0,False,0.20912070692909832,,,,,,,,392.4412134806562
某地-250m,250.0,/mnt/data/cable_field_data/某地-250m/2025-10-29 15.52.10-A相[末端开路].csv,1000000000.0,49999,697.0,10k/50.0M,10000.0,49999000.0,True,10037.79393259672,1.0038797812377958,9999.0,True,40.15117573038688,294.1367759026741,44.13677590267412,191460.2058915647,32536.337453606786,5237.289099464475,5.884503938544581,45.0,
某地-250m,250.0,/mnt/data/cable_field_data/某地-250m/2025-10-29 15.52.10-A相[末端开路].csv,1000000000.0,49999,697.0,15k/75.0M,15000.0,74994000.0,True,6691.862621731146,0.6692531874918638,9999.0,True,26.767450486924584,294.47140249642007,44.47140249642007,304246.81086035224,57761.405138596616,10741.054819632227,5.267302797262669,45.0,
某地-250m,250.0,/mnt/data/cable_field_data/某地-250m/2025-10-29 15.52.10-A相[末端开路].csv,1000000000.0,49999,697.0,20k/100.0M,20000.0,99989000.0,True,5018.89696629836,0.5019398906188979,9999.0,True,20.07558786519344,294.63871579329304,44.638715793293045,247588.5910536609,84121.23597895107,15121.484764223329,2.9432352981072802,45.0,
某地-250m,250.0,/mnt/data/cable_field_data/某地-250m/2025-10-29 15.52.10-A相[末端开路].csv,1000000000.0,49999,697.0,25k/125.0M,25000.0,124984000.0,True,4015.1175730386876,0.4015519124951183,9999.0,True,16.06047029215475,294.73910377141686,44.739103771416865,307773.56572445616,95893.28302835127,17945.40872308535,3.2095424831107464,45.0,
某地-250m,250.0,/mnt/data/cable_field_data/某地-250m/2025-10-29 15.52.10-A相[末端开路].csv,1000000000.0,49999,697.0,30k/150.0M,30000.0,149979000.0,True,3345.931310865573,0.3346265937459319,9999.0,True,13.383725243462292,294.806029090166,44.80602909016602,485388.4887069911,123021.95620181078,27900.305485046774,3.945543573626303,45.0,
某地-250m,250.0,/mnt/data/cable_field_data/某地-250m/2025-10-29 15.52.10-A相[末端开路].csv,1000000000.0,49999,697.0,40k/200.0M,40000.0,199969000.0,True,2509.44848314918,0.25096994530944894,9999.0,True,10.03779393259672,294.63871579329304,44.638715793293045,409658.23430198926,146868.41644859957,37187.215402676164,2.789287473834511,45.0,
某地-250m,250.0,/mnt/data/cable_field_data/某地-250m/2025-10-29 15.52.10-A相[末端开路].csv,1000000000.0,49999,697.0,200k/1000M,200000.0,1000000000.0,True,501.88969662983595,0.05018395126785681,10001.0,True,2.007558786519344,294.98126555246233,44.98126555246233,358953.13477705454,237617.60304878838,72818.51467173104,1.5106335985695183,45.0,
某地-3000m,3000.0,/mnt/data/cable_field_data/某地-3000m/2025-5-21 18.02.26-A相[末端开路].csv,1000000000.0,49999,697.0,10k/50.0M,10000.0,49999000.0,True,10037.79393259672,1.0038797812377958,9999.0,True,3.3459313108655735,2969.4763929013993,-30.523607098600678,26853.85034431964,30152.809968847047,10293.293735442468,0.8905919671189587,350.0,
某地-3000m,3000.0,/mnt/data/cable_field_data/某地-3000m/2025-5-21 18.02.26-A相[末端开路].csv,1000000000.0,49999,697.0,15k/75.0M,15000.0,74994000.0,True,6691.862621731146,0.6692531874918638,9999.0,True,2.230620873910382,2980.18444390127,-19.815556098730212,35432.92029400208,54888.20835973117,24787.51882955373,0.6455470373851281,350.0,
某地-3000m,3000.0,/mnt/data/cable_field_data/某地-3000m/2025-5-21 18.02.26-A相[末端开路].csv,1000000000.0,49999,697.0,20k/100.0M,20000.0,99989000.0,True,5018.89696629836,0.5019398906188979,9999.0,True,1.6729656554327867,3295.235381913064,295.235381913064,27283.177794960895,59945.09378024851,25592.134740076028,0.45513612665246195,350.0,
某地-3000m,3000.0,/mnt/data/cable_field_data/某地-3000m/2025-5-21 18.02.26-A相[末端开路].csv,1000000000.0,49999,697.0,25k/125.0M,25000.0,124984000.0,True,4015.1175730386876,0.4015519124951183,9999.0,True,1.3383725243462292,3349.3445021217817,349.3445021217817,40932.36509218646,63885.91328742782,18128.08495526063,0.6407103379430217,350.0,
某地-3000m,3000.0,/mnt/data/cable_field_data/某地-3000m/2025-5-21 18.02.26-A相[末端开路].csv,1000000000.0,49999,697.0,30k/150.0M,30000.0,149979000.0,True,3345.931310865573,0.3346265937459319,9999.0,True,1.115310436955191,3278.671365522641,278.6713655226408,379341.16381421627,83559.28066410878,30831.26024820756,4.53978493830135,350.0,
某地-3000m,3000.0,/mnt/data/cable_field_data/某地-3000m/2025-5-21 18.02.26-A相[末端开路].csv,1000000000.0,49999,697.0,40k/200.0M,40000.0,199969000.0,True,2509.44848314918,0.25096994530944894,9999.0,False,0.8364828277163934,,,,,,,,490.55151685082
某地-3000m,3000.0,/mnt/data/cable_field_data/某地-3000m/2025-5-21 18.02.26-A相[末端开路].csv,1000000000.0,49999,697.0,200k/1000M,200000.0,1000000000.0,True,501.88969662983595,0.05018395126785681,10001.0,False,0.16729656554327865,,,,,,,,490.55151685082024
某地-300m,300.0,/mnt/data/cable_field_data/某地-300m/2025-9-16 12.02.15-A相[末端开路].csv,1000000000.0,49999,697.0,10k/50.0M,10000.0,49999000.0,True,10037.79393259672,1.0038797812377958,9999.0,True,33.459313108655735,268.03590159049145,-31.96409840950855,123038.54753689103,36637.00407316921,5968.896153163143,3.358313558913438,54.0,
某地-300m,300.0,/mnt/data/cable_field_data/某地-300m/2025-9-16 12.02.15-A相[末端开路].csv,1000000000.0,49999,697.0,15k/75.0M,15000.0,74994000.0,True,6691.862621731146,0.6692531874918638,9999.0,True,22.30620873910382,267.70127499674555,-32.29872500325445,141877.8572510951,69089.93953559021,11656.681907600752,2.0535241194994787,54.0,
某地-300m,300.0,/mnt/data/cable_field_data/某地-300m/2025-9-16 12.02.15-A相[末端开路].csv,1000000000.0,49999,697.0,20k/100.0M,20000.0,99989000.0,True,5018.89696629836,0.5019398906188979,9999.0,True,16.729656554327867,267.03202180925365,-32.96797819074635,150977.60405754021,102156.87637425106,18390.619050240202,1.4778995738322571,54.0,
某地-300m,300.0,/mnt/data/cable_field_data/某地-300m/2025-9-16 12.02.15-A相[末端开路].csv,1000000000.0,49999,697.0,25k/125.0M,25000.0,124984000.0,True,4015.1175730386876,0.4015519124951183,9999.0,True,13.383725243462292,267.8351256342439,-32.16487436575608,124729.99198810209,124732.22445931406,18640.373166584082,0.9999821018888931,54.0,
某地-300m,300.0,/mnt/data/cable_field_data/某地-300m/2025-9-16 12.02.15-A相[末端开路].csv,1000000000.0,49999,697.0,30k/150.0M,30000.0,149979000.0,True,3345.931310865573,0.3346265937459319,9999.0,True,11.15310436955191,267.3666484029996,-32.6333515970004,163398.47146429363,154809.2854865425,36119.1754369311,1.0554823694893791,54.0,
某地-300m,300.0,/mnt/data/cable_field_data/某地-300m/2025-9-16 12.02.15-A相[末端开路].csv,1000000000.0,49999,697.0,40k/200.0M,40000.0,199969000.0,True,2509.44848314918,0.25096994530944894,9999.0,True,8.364828277163934,267.5339616998725,-32.46603830012748,158591.9006586426,202302.4239998813,53846.86235762033,0.7839347523524268,54.0,
某地-300m,300.0,/mnt/data/cable_field_data/某地-300m/2025-9-16 12.02.15-A相[末端开路].csv,1000000000.0,49999,697.0,200k/1000M,200000.0,1000000000.0,True,501.88969662983595,0.05018395126785681,10001.0,True,1.6729656554327865,246.0017291150341,-53.998270884965905,393207.7444871789,239989.1091598112,88604.60817547316,1.638439951978562,54.0,
某地-780m,780.0,/mnt/data/cable_field_data/某地-780m/2025-6-5 12.48.52-A相[末端开路].csv,1000000000.0,49999,697.0,10k/50.0M,10000.0,49999000.0,True,10037.79393259672,1.0038797812377958,9999.0,True,12.868966580252206,919.5538796138209,139.55387961382087,1295804.4578890956,41465.4830841249,9395.812375579862,31.25019562078117,140.4,
某地-780m,780.0,/mnt/data/cable_field_data/某地-780m/2025-6-5 12.48.52-A相[末端开路].csv,1000000000.0,49999,697.0,15k/75.0M,15000.0,74994000.0,True,6691.862621731146,0.6692531874918638,9999.0,True,8.579311053501469,920.2231328013128,140.22313280131277,2286406.249663202,62531.91057215977,14424.213974090753,36.56383163000856,140.4,
某地-780m,780.0,/mnt/data/cable_field_data/某地-780m/2025-6-5 12.48.52-A相[末端开路].csv,1000000000.0,49999,697.0,20k/100.0M,20000.0,99989000.0,True,5018.89696629836,0.5019398906188979,9999.0,True,6.434483290126103,920.0558195044397,140.05581950443968,1647012.0248446588,90824.20425022379,27286.26195658191,18.134065015390437,140.4,
某地-780m,780.0,/mnt/data/cable_field_data/某地-780m/2025-6-5 12.48.52-A相[末端开路].csv,1000000000.0,49999,697.0,25k/125.0M,25000.0,124984000.0,True,4015.1175730386876,0.4015519124951183,9999.0,True,5.147586632100881,920.3569834388112,140.3569834388112,1963325.7546904034,55408.98300529034,21097.108286630842,35.43334759461203,140.4,
某地-780m,780.0,/mnt/data/cable_field_data/某地-780m/2025-6-5 12.48.52-A相[末端开路].csv,1000000000.0,49999,697.0,30k/150.0M,30000.0,149979000.0,True,3345.931310865573,0.3346265937459319,9999.0,True,4.289655526750734,920.2231328013128,140.22313280131277,1647739.0807334487,136148.59739971004,44946.2989804836,12.102504999709662,140.4,
某地-780m,780.0,/mnt/data/cable_field_data/某地-780m/2025-6-5 12.48.52-A相[末端开路].csv,1000000000.0,49999,697.0,40k/200.0M,40000.0,199969000.0,True,2509.44848314918,0.25096994530944894,9999.0,True,3.2172416450630514,920.3067894497492,140.3067894497492,1745944.9412327346,152968.15930177187,50499.68848527573,11.413780156616625,140.4,
某地-780m,780.0,/mnt/data/cable_field_data/某地-780m/2025-6-5 12.48.52-A相[末端开路].csv,1000000000.0,49999,697.0,200k/1000M,200000.0,1000000000.0,True,501.88969662983595,0.05018395126785681,10001.0,False,0.6434483290126102,,,,,,,,278.11030337016405
深圳-2800m,2800.0,/mnt/data/cable_field_data/深圳-2800m/2026-4-22 11.01.43-A相.csv,1000000000.0,49999,697.0,10k/50.0M,10000.0,49999000.0,True,10037.79393259672,1.0038797812377958,9999.0,True,3.5849264044988285,3101.9885240247886,301.9885240247886,31179.837997052444,33469.525234908266,10534.224311370917,0.9315888940226822,350.0,
深圳-2800m,2800.0,/mnt/data/cable_field_data/深圳-2800m/2026-4-22 11.01.43-A相.csv,1000000000.0,49999,697.0,15k/75.0M,15000.0,74994000.0,True,6691.862621731146,0.6692531874918638,9999.0,True,2.389950936332552,3114.0350813996424,314.0350813996424,38578.54697216395,61189.57822202366,24367.060292298498,0.6304757786069943,350.0,
深圳-2800m,2800.0,/mnt/data/cable_field_data/深圳-2800m/2026-4-22 11.01.43-A相.csv,1000000000.0,49999,697.0,20k/100.0M,20000.0,99989000.0,True,5018.89696629836,0.5019398906188979,9999.0,True,1.7924632022494142,3117.548660633974,317.5486606339741,20799.812666954116,44826.76187794543,15342.664972149194,0.4640043535508536,350.0,
深圳-2800m,2800.0,/mnt/data/cable_field_data/深圳-2800m/2026-4-22 11.01.43-A相.csv,1000000000.0,49999,697.0,25k/125.0M,25000.0,124984000.0,True,4015.1175730386876,0.4015519124951183,9999.0,True,1.4339705617995313,2800.0214858284603,0.021485828460299672,33299.2124082559,94614.7408804772,23096.404383216002,0.3519452899027794,350.0,
深圳-2800m,2800.0,/mnt/data/cable_field_data/深圳-2800m/2026-4-22 11.01.43-A相.csv,1000000000.0,49999,697.0,30k/150.0M,30000.0,149979000.0,True,3345.931310865573,0.3346265937459319,9999.0,True,1.194975468166276,3147.497740774236,347.4977407742358,115172.38215973266,74102.08106782228,21969.63553713734,1.5542395098772004,350.0,
深圳-2800m,2800.0,/mnt/data/cable_field_data/深圳-2800m/2026-4-22 11.01.43-A相.csv,1000000000.0,49999,697.0,40k/200.0M,40000.0,199969000.0,True,2509.44848314918,0.25096994530944894,9999.0,False,0.8962316011247071,,,,,,,,290.55151685082
深圳-2800m,2800.0,/mnt/data/cable_field_data/深圳-2800m/2026-4-22 11.01.43-A相.csv,1000000000.0,49999,697.0,200k/1000M,200000.0,1000000000.0,True,501.88969662983595,0.05018395126785681,10001.0,False,0.1792463202249414,,,,,,,,290.55151685082024
深圳-3900m,3900.0,/mnt/data/cable_field_data/深圳-3900m/2026-2-3 12.45.59-A相[末端开路].csv,1000000000.0,49999,697.0,10k/50.0M,10000.0,49999000.0,True,10037.79393259672,1.0038797812377958,9999.0,True,2.573793316050441,3985.402731514049,85.40273151404881,24565.561898321466,31985.259596001564,11194.727516729203,0.7680275917282965,350.0,
深圳-3900m,3900.0,/mnt/data/cable_field_data/深圳-3900m/2026-2-3 12.45.59-A相[末端开路].csv,1000000000.0,49999,697.0,15k/75.0M,15000.0,74994000.0,True,6691.862621731146,0.6692531874918638,9999.0,True,1.7158622107002939,3978.7101996391307,78.71019963913068,25513.381587127005,65101.67012634613,20543.533931583923,0.39190056933427186,350.0,
深圳-3900m,3900.0,/mnt/data/cable_field_data/深圳-3900m/2026-2-3 12.45.59-A相[末端开路].csv,1000000000.0,49999,697.0,20k/100.0M,20000.0,99989000.0,True,5018.89696629836,0.5019398906188979,9999.0,True,1.2868966580252206,4246.913414526494,346.9134145264943,43500.037953709565,61812.87234531666,19523.849947020164,0.7037375275282027,350.0,
深圳-3900m,3900.0,/mnt/data/cable_field_data/深圳-3900m/2026-2-3 12.45.59-A相[末端开路].csv,1000000000.0,49999,697.0,25k/125.0M,25000.0,124984000.0,True,4015.1175730386876,0.4015519124951183,9999.0,False,1.0295173264201762,3931.996327152199,31.996327152198774,66076.16715741517,37043.15507922297,9882.746224223496,1.7837618587320723,350.0,
深圳-3900m,3900.0,/mnt/data/cable_field_data/深圳-3900m/2026-2-3 12.45.59-A相[末端开路].csv,1000000000.0,49999,697.0,30k/150.0M,30000.0,149979000.0,True,3345.931310865573,0.3346265937459319,9999.0,False,0.8579311053501469,,,,,,,,554.0686891344271
深圳-3900m,3900.0,/mnt/data/cable_field_data/深圳-3900m/2026-2-3 12.45.59-A相[末端开路].csv,1000000000.0,49999,697.0,40k/200.0M,40000.0,199969000.0,True,2509.44848314918,0.25096994530944894,9999.0,False,0.6434483290126103,,,,,,,,1390.55151685082
深圳-3900m,3900.0,/mnt/data/cable_field_data/深圳-3900m/2026-2-3 12.45.59-A相[末端开路].csv,1000000000.0,49999,697.0,200k/1000M,200000.0,1000000000.0,True,501.88969662983595,0.05018395126785681,10001.0,False,0.12868966580252203,,,,,,,,386.77212359114833
深圳-830m,830.0,/mnt/data/cable_field_data/深圳-830m/2025-5-30 11.43.53-A相[末端开路].csv,1000000000.0,49999,697.0,10k/50.0M,10000.0,49999000.0,True,10037.79393259672,1.0038797812377958,9999.0,True,12.093727629634602,970.7517484569485,140.75174845694846,1499973.0996481895,44099.37359721043,9218.918898676306,34.013478589253076,149.4,
深圳-830m,830.0,/mnt/data/cable_field_data/深圳-830m/2025-5-30 11.43.53-A相[末端开路].csv,1000000000.0,49999,697.0,15k/75.0M,15000.0,74994000.0,True,6691.862621731146,0.6692531874918638,9999.0,True,8.062485086423067,970.4171218632025,140.4171218632025,1993367.0697525027,67666.41160699027,14675.095132772243,29.45873768702371,149.4,
深圳-830m,830.0,/mnt/data/cable_field_data/深圳-830m/2025-5-30 11.43.53-A相[末端开路].csv,1000000000.0,49999,697.0,20k/100.0M,20000.0,99989000.0,True,5018.89696629836,0.5019398906188979,9999.0,True,6.046863814817301,970.7517484569485,140.75174845694846,1525981.8433733147,75444.76888287609,22890.502609711846,20.22647648032853,149.4,
深圳-830m,830.0,/mnt/data/cable_field_data/深圳-830m/2025-5-30 11.43.53-A相[末端开路].csv,1000000000.0,49999,697.0,25k/125.0M,25000.0,124984000.0,True,4015.1175730386876,0.4015519124951183,9999.0,True,4.83749105185384,971.3540763256912,141.35407632569115,1723240.8478181444,96059.56888095809,23197.20176084961,17.93929400155514,149.4,
深圳-830m,830.0,/mnt/data/cable_field_data/深圳-830m/2025-5-30 11.43.53-A相[末端开路].csv,1000000000.0,49999,697.0,30k/150.0M,30000.0,149979000.0,True,3345.931310865573,0.3346265937459319,9999.0,True,4.031242543211533,970.7517484569485,140.75174845694846,1454296.7349692122,133249.31062303565,41516.52552776641,10.914103256289557,149.4,
深圳-830m,830.0,/mnt/data/cable_field_data/深圳-830m/2025-5-30 11.43.53-A相[末端开路].csv,1000000000.0,49999,697.0,40k/200.0M,40000.0,199969000.0,True,2509.44848314918,0.25096994530944894,9999.0,True,3.0234319074086504,971.2536883475673,141.25368834756728,1484089.128234057,170012.09551949106,61934.45866272745,8.729314956675617,149.4,
深圳-830m,830.0,/mnt/data/cable_field_data/深圳-830m/2025-5-30 11.43.53-A相[末端开路].csv,1000000000.0,49999,697.0,200k/1000M,200000.0,1000000000.0,True,501.88969662983595,0.05018395126785681,10001.0,False,0.60468638148173,,,,,,,,328.11030337016405
莱芜-1500m,1500.0,/mnt/data/cable_field_data/莱芜-1500m/2024-4-17 15.30.54-A (2).csv,1000000000.0,49999,697.0,10k/50.0M,10000.0,49999000.0,True,10037.79393259672,1.0038797812377958,9999.0,True,6.691862621731147,1314.0786336402743,-185.92136635972565,79494.23524696456,64359.75735595548,17537.53026679374,1.2351543652861305,270.0,
莱芜-1500m,1500.0,/mnt/data/cable_field_data/莱芜-1500m/2024-4-17 15.30.54-A (2).csv,1000000000.0,49999,697.0,15k/75.0M,15000.0,74994000.0,True,6691.862621731146,0.6692531874918638,9999.0,True,4.461241747820764,1313.7440070465286,-186.25599295347138,56630.868974631725,63304.2576735519,22871.891229885197,0.8945823086128964,270.0,
莱芜-1500m,1500.0,/mnt/data/cable_field_data/莱芜-1500m/2024-4-17 15.30.54-A (2).csv,1000000000.0,49999,697.0,20k/100.0M,20000.0,99989000.0,True,5018.89696629836,0.5019398906188979,9999.0,True,3.3459313108655735,1321.607731999558,-178.39226800044207,36891.16505816267,38854.75311267658,15141.23127646652,0.9494633758495487,270.0,
莱芜-1500m,1500.0,/mnt/data/cable_field_data/莱芜-1500m/2024-4-17 15.30.54-A (2).csv,1000000000.0,49999,697.0,25k/125.0M,25000.0,124984000.0,True,4015.1175730386876,0.4015519124951183,9999.0,True,2.6767450486924584,1313.074753859037,-186.92524614096305,49940.728748354784,52867.9438376906,35370.09493876474,0.944631569210964,270.0,
莱芜-1500m,1500.0,/mnt/data/cable_field_data/莱芜-1500m/2024-4-17 15.30.54-A (2).csv,1000000000.0,49999,697.0,30k/150.0M,30000.0,149979000.0,True,3345.931310865573,0.3346265937459319,9999.0,True,2.230620873910382,1307.386101765356,-192.613898234644,64058.096906213,118584.97953567813,47279.89977874702,0.540187274619718,270.0,
莱芜-1500m,1500.0,/mnt/data/cable_field_data/莱芜-1500m/2024-4-17 15.30.54-A (2).csv,1000000000.0,49999,697.0,40k/200.0M,40000.0,199969000.0,True,2509.44848314918,0.25096994530944894,9999.0,True,1.6729656554327867,1313.3257238043461,-186.67427619565387,128168.88714081302,156920.40082722428,52954.60599429485,0.8167764450329958,270.0,
莱芜-1500m,1500.0,/mnt/data/cable_field_data/莱芜-1500m/2024-4-17 15.30.54-A (2).csv,1000000000.0,49999,697.0,200k/1000M,200000.0,1000000000.0,True,501.88969662983595,0.05018395126785681,10001.0,False,0.3345931310865573,,,,,,,,496.2206067403281
莱芜-1600m,1600.0,/mnt/data/cable_field_data/莱芜-1600m/2024-4-17 15.30.54-A.csv,1000000000.0,49999,697.0,10k/50.0M,10000.0,49999000.0,True,10037.79393259672,1.0038797812377958,9999.0,True,6.27362120787295,1856.1737155086844,256.1737155086844,1284789.3127705972,60514.256372020056,17336.356921219623,21.231184018393467,288.0,
莱芜-1600m,1600.0,/mnt/data/cable_field_data/莱芜-1600m/2024-4-17 15.30.54-A.csv,1000000000.0,49999,697.0,15k/75.0M,15000.0,74994000.0,True,6691.862621731146,0.6692531874918638,9999.0,True,4.182414138581966,1855.8390889149384,255.83908891493843,1031187.4918392958,61153.29564120059,22609.828785272075,16.86233719748307,288.0,
莱芜-1600m,1600.0,/mnt/data/cable_field_data/莱芜-1600m/2024-4-17 15.30.54-A.csv,1000000000.0,49999,697.0,20k/100.0M,20000.0,99989000.0,True,5018.89696629836,0.5019398906188979,9999.0,True,3.136810603936475,1856.1737155086844,256.1737155086844,892869.0043316577,35617.59817242959,14939.299343641333,25.06819802978175,288.0,
莱芜-1600m,1600.0,/mnt/data/cable_field_data/莱芜-1600m/2024-4-17 15.30.54-A.csv,1000000000.0,49999,697.0,25k/125.0M,25000.0,124984000.0,True,4015.1175730386876,0.4015519124951183,9999.0,True,2.5094484831491797,1855.9729395524369,255.97293955243686,440439.43314042984,49533.13900672756,33933.24262471155,8.8918134802765,288.0,
莱芜-1600m,1600.0,/mnt/data/cable_field_data/莱芜-1600m/2024-4-17 15.30.54-A.csv,1000000000.0,49999,697.0,30k/150.0M,30000.0,149979000.0,True,3345.931310865573,0.3346265937459319,9999.0,True,2.091207069290983,1855.8390889149384,255.83908891493843,1041463.0309337365,120239.94610325788,47278.55303162616,8.661539402549002,288.0,
莱芜-1600m,1600.0,/mnt/data/cable_field_data/莱芜-1600m/2024-4-17 15.30.54-A.csv,1000000000.0,49999,697.0,40k/200.0M,40000.0,199969000.0,True,2509.44848314918,0.25096994530944894,9999.0,True,1.5684053019682376,1855.9227455633745,255.92274556337452,1311877.5082484349,161341.18375934256,52726.52632450909,8.131076503103131,288.0,
莱芜-1600m,1600.0,/mnt/data/cable_field_data/莱芜-1600m/2024-4-17 15.30.54-A.csv,1000000000.0,49999,697.0,200k/1000M,200000.0,1000000000.0,True,501.88969662983595,0.05018395126785681,10001.0,False,0.31368106039364746,,,,,,,,94.33091011049214
